{
  "best_epoch": 100,
  "best_val": 0.6131868131868132,
  "test_acc": 0.6717092679533994
}