{
  "best_epoch": 108,
  "best_val": 0.7650922251616695,
  "test_acc": 0.7271635218911141
}