Filename,Acc Mean
FG_sparsity_with_slt_64.log,0.9101843706802146
FG_sparsity_with_slt_96.log,0.9164437582655632
FG_sparsity_with_slt_128.log,0.9210814498321455
FG_sparsity_with_slt_192.log,0.9237743029998384
FG_sparsity_with_slt_256.log,0.9224458287704432
FG_sparsity_with_slt_384.log,0.9205428791986069
FG_sparsity_with_slt_512.log,0.9146844275293371
Unstructured_slt_HD64.log,0.9415650862610631
Unstructured_slt_HD96.log,0.9440125905845885
Unstructured_slt_HD128.log,0.9453829536410367
Unstructured_slt_HD192.log,0.9469148878875465
Unstructured_slt_HD256.log,0.9477706167830577
Unstructured_slt_HD384.log,0.9480758068087297
Unstructured_slt_HD512.log,0.948752012159728
