Filename,Acc Mean
FG_sparsity_with_slt_HD64.log,0.9415650862610633
FG_sparsity_with_slt_HD96.log,0.9438450352763765
FG_sparsity_with_slt_HD128.log,0.9456283024852042
FG_sparsity_with_slt_HD192.log,0.9462865554817514
FG_sparsity_with_slt_HD256.log,0.9468430784697413
FG_sparsity_with_slt_HD384.log,0.947842426200863
FG_sparsity_with_slt_HD512.log,0.9483809968344015
Unstructured_slt_64.log,0.9143852216218157
Unstructured_slt_96.log,0.9177183754316044
Unstructured_slt_128.log,0.9245701907138454
Unstructured_slt_192.log,0.9272929644722905
Unstructured_slt_256.log,0.9250549042840301
Unstructured_slt_384.log,0.9232656529570519
Unstructured_slt_512.log,0.9159769970498296
DWL_64.log,0.9459574289834779
DWL_96.log,0.9473158238036251
DWL_128.log,0.9476509344200492
DWL_192.log,0.949015313358347
DWL_256.log,0.9482852509439946
DWL_384.log,0.9489135833497896
DWL_512.log,0.948710123332675
