Filename,Acc Mean
S5625.log,0.9237743029998384
S625.log,0.9288009622461986
S1250.log,0.9320862431107839
S1875.log,0.9344200491894513
S2500.log,0.9329659084788969
S3125.log,0.9326667025713755
S3750.log,0.9307876894721409
S4375.log,0.9288548193095524
S5000.log,0.9272929644722905
S6250.log,0.9201838321095813
S6875.log,0.9149716652005577
S7500.log,0.9013458281720315
S8125.log,0.8817478412293772
S8750.log,0.8702343979079523
S9375.log,0.775631474067824
